image_id	width	height	aspect_ratio
0	256	256	1.000000
1	256	256	1.000000
2	256	256	1.000000
3	256	256	1.000000
4	256	256	1.000000
5	256	256	1.000000
6	256	256	1.000000
7	256	256	1.000000
8	256	256	1.000000
9	256	256	1.000000
10	256	256	1.000000
11	256	256	1.000000
12	256	256	1.000000
13	256	256	1.000000
14	256	256	1.000000
15	256	256	1.000000
16	256	256	1.000000
17	256	256	1.000000
18	256	256	1.000000
19	256	256	1.000000
20	256	256	1.000000
21	256	256	1.000000
22	256	256	1.000000
23	256	256	1.000000
24	256	256	1.000000
25	256	256	1.000000
26	256	256	1.000000
27	256	256	1.000000
28	256	256	1.000000
29	256	256	1.000000
30	256	256	1.000000
31	256	256	1.000000
32	256	256	1.000000
33	256	256	1.000000
34	256	256	1.000000
35	256	256	1.000000
36	256	256	1.000000
37	256	256	1.000000
38	256	256	1.000000
39	256	256	1.000000
40	256	256	1.000000
41	256	256	1.000000
42	256	256	1.000000
43	256	256	1.000000
44	256	256	1.000000
45	256	256	1.000000
46	256	256	1.000000
47	256	256	1.000000
48	256	256	1.000000
49	256	256	1.000000
50	256	256	1.000000
51	256	256	1.000000
52	256	256	1.000000
53	256	256	1.000000
54	256	256	1.000000
55	256	256	1.000000
56	256	256	1.000000
57	256	256	1.000000
58	256	256	1.000000
59	256	256	1.000000
60	256	256	1.000000
61	256	256	1.000000
62	256	256	1.000000
63	256	256	1.000000
64	256	256	1.000000
65	256	256	1.000000
66	256	256	1.000000
67	256	256	1.000000
68	256	256	1.000000
69	256	256	1.000000
70	256	256	1.000000
71	256	256	1.000000
72	256	256	1.000000
73	256	256	1.000000
74	256	256	1.000000
75	256	256	1.000000
76	256	256	1.000000
77	256	256	1.000000
78	256	256	1.000000
79	256	256	1.000000
80	256	256	1.000000
81	256	256	1.000000
82	256	256	1.000000
83	256	256	1.000000
84	256	256	1.000000
85	256	256	1.000000
86	256	256	1.000000
87	256	256	1.000000
88	256	256	1.000000
89	256	256	1.000000
90	256	256	1.000000
91	256	256	1.000000
92	256	256	1.000000
93	256	256	1.000000
94	256	256	1.000000
95	256	256	1.000000
96	256	256	1.000000
97	256	256	1.000000
98	256	256	1.000000
99	256	256	1.000000
100	256	256	1.000000
101	256	256	1.000000
102	256	256	1.000000
103	256	256	1.000000
104	256	256	1.000000
105	256	256	1.000000
106	256	256	1.000000
107	256	256	1.000000
108	256	256	1.000000
109	256	256	1.000000
110	256	256	1.000000
111	256	256	1.000000
112	256	256	1.000000
113	256	256	1.000000
114	256	256	1.000000
115	256	256	1.000000
116	256	256	1.000000
117	256	256	1.000000
118	256	256	1.000000
119	256	256	1.000000
120	256	256	1.000000
121	256	256	1.000000
122	256	256	1.000000
123	256	256	1.000000
124	256	256	1.000000
125	256	256	1.000000
126	256	256	1.000000
127	256	256	1.000000
128	256	256	1.000000
129	256	256	1.000000
130	256	256	1.000000
131	256	256	1.000000
132	256	256	1.000000
133	256	256	1.000000
134	256	256	1.000000
135	256	256	1.000000
136	256	256	1.000000
137	256	256	1.000000
138	256	256	1.000000
139	256	256	1.000000
140	256	256	1.000000
141	256	256	1.000000
142	256	256	1.000000
143	256	256	1.000000
144	256	256	1.000000
145	256	256	1.000000
146	256	256	1.000000
147	256	256	1.000000
148	256	256	1.000000
149	256	256	1.000000
150	256	256	1.000000
151	256	256	1.000000
152	256	256	1.000000
153	256	256	1.000000
154	256	256	1.000000
155	256	256	1.000000
156	256	256	1.000000
157	256	256	1.000000
158	256	256	1.000000
159	256	256	1.000000
160	256	256	1.000000
161	256	256	1.000000
162	256	256	1.000000
163	256	256	1.000000
164	256	256	1.000000
165	256	256	1.000000
166	256	256	1.000000
167	256	256	1.000000
168	256	256	1.000000
169	256	256	1.000000
170	256	256	1.000000
171	256	256	1.000000
172	256	256	1.000000
173	256	256	1.000000
174	256	256	1.000000
175	256	256	1.000000
176	256	256	1.000000
177	256	256	1.000000
178	256	256	1.000000
179	256	256	1.000000
180	256	256	1.000000
181	256	256	1.000000
182	256	256	1.000000
183	256	256	1.000000
184	256	256	1.000000
185	256	256	1.000000
186	256	256	1.000000
187	256	256	1.000000
188	256	256	1.000000
189	256	256	1.000000
190	256	256	1.000000
191	256	256	1.000000
192	256	256	1.000000
193	256	256	1.000000
194	256	256	1.000000
195	256	256	1.000000
196	256	256	1.000000
197	256	256	1.000000
198	256	256	1.000000
199	256	256	1.000000
200	256	256	1.000000
201	256	256	1.000000
202	256	256	1.000000
203	256	256	1.000000
204	256	256	1.000000
205	256	256	1.000000
206	256	256	1.000000
207	256	256	1.000000
208	256	256	1.000000
209	256	256	1.000000
210	256	256	1.000000
211	256	256	1.000000
212	256	256	1.000000
213	256	256	1.000000
214	256	256	1.000000
215	256	256	1.000000
216	256	256	1.000000
217	256	256	1.000000
218	256	256	1.000000
219	256	256	1.000000
220	256	256	1.000000
221	256	256	1.000000
222	256	256	1.000000
223	256	256	1.000000
224	256	256	1.000000
225	256	256	1.000000
226	256	256	1.000000
227	256	256	1.000000
228	256	256	1.000000
229	256	256	1.000000
230	256	256	1.000000
231	256	256	1.000000
232	256	256	1.000000
233	256	256	1.000000
234	256	256	1.000000
235	256	256	1.000000
236	256	256	1.000000
237	256	256	1.000000
238	256	256	1.000000
239	256	256	1.000000
240	256	256	1.000000
241	256	256	1.000000
242	256	256	1.000000
243	256	256	1.000000
244	256	256	1.000000
245	256	256	1.000000
246	256	256	1.000000
247	256	256	1.000000
248	256	256	1.000000
249	256	256	1.000000
250	256	256	1.000000
251	256	256	1.000000
252	256	256	1.000000
253	256	256	1.000000
254	256	256	1.000000
255	256	256	1.000000
256	256	256	1.000000
257	256	256	1.000000
258	256	256	1.000000
259	256	256	1.000000
260	256	256	1.000000
261	256	256	1.000000
262	256	256	1.000000
263	256	256	1.000000
264	256	256	1.000000
265	256	256	1.000000
266	256	256	1.000000
267	256	256	1.000000
268	256	256	1.000000
269	256	256	1.000000
270	256	256	1.000000
271	256	256	1.000000
272	256	256	1.000000
273	256	256	1.000000
274	256	256	1.000000
275	256	256	1.000000
276	256	256	1.000000
277	256	256	1.000000
278	256	256	1.000000
279	256	256	1.000000
280	256	256	1.000000
281	256	256	1.000000
282	256	256	1.000000
283	256	256	1.000000
284	256	256	1.000000
285	256	256	1.000000
286	256	256	1.000000
287	256	256	1.000000
288	256	256	1.000000
289	256	256	1.000000
290	256	256	1.000000
291	256	256	1.000000
292	256	256	1.000000
293	256	256	1.000000
294	256	256	1.000000
295	256	256	1.000000
296	256	256	1.000000
297	256	256	1.000000
298	256	256	1.000000
299	256	256	1.000000
300	256	256	1.000000
301	256	256	1.000000
302	256	256	1.000000
303	256	256	1.000000
304	256	256	1.000000
305	256	256	1.000000
306	256	256	1.000000
307	256	256	1.000000
308	256	256	1.000000
309	256	256	1.000000
310	256	256	1.000000
311	256	256	1.000000
312	256	256	1.000000
313	256	256	1.000000
314	256	256	1.000000
315	256	256	1.000000
316	256	256	1.000000
317	256	256	1.000000
318	256	256	1.000000
319	256	256	1.000000
320	256	256	1.000000
321	256	256	1.000000
322	256	256	1.000000
323	256	256	1.000000
324	256	256	1.000000
325	256	256	1.000000
326	256	256	1.000000
327	256	256	1.000000
328	256	256	1.000000
329	256	256	1.000000
330	256	256	1.000000
331	256	256	1.000000
332	256	256	1.000000
333	256	256	1.000000
334	256	256	1.000000
335	256	256	1.000000
336	256	256	1.000000
337	256	256	1.000000
338	256	256	1.000000
339	256	256	1.000000
340	256	256	1.000000
341	256	256	1.000000
342	256	256	1.000000
343	256	256	1.000000
344	256	256	1.000000
345	256	256	1.000000
346	256	256	1.000000
347	256	256	1.000000
348	256	256	1.000000
349	256	256	1.000000
350	256	256	1.000000
351	256	256	1.000000
352	256	256	1.000000
353	256	256	1.000000
354	256	256	1.000000
355	256	256	1.000000
356	256	256	1.000000
357	256	256	1.000000
358	256	256	1.000000
359	256	256	1.000000
360	256	256	1.000000
361	256	256	1.000000
362	256	256	1.000000
363	256	256	1.000000
364	256	256	1.000000
365	256	256	1.000000
366	256	256	1.000000
367	256	256	1.000000
368	256	256	1.000000
369	256	256	1.000000
370	256	256	1.000000
371	256	256	1.000000
372	256	256	1.000000
373	256	256	1.000000
374	256	256	1.000000
375	256	256	1.000000
376	256	256	1.000000
377	256	256	1.000000
378	256	256	1.000000
379	256	256	1.000000
380	256	256	1.000000
381	256	256	1.000000
382	256	256	1.000000
383	256	256	1.000000
384	256	256	1.000000
385	256	256	1.000000
386	256	256	1.000000
387	256	256	1.000000
388	256	256	1.000000
389	256	256	1.000000
390	256	256	1.000000
391	256	256	1.000000
392	256	256	1.000000
393	256	256	1.000000
394	256	256	1.000000
395	256	256	1.000000
396	256	256	1.000000
397	256	256	1.000000
398	256	256	1.000000
399	256	256	1.000000
400	256	256	1.000000
401	256	256	1.000000
402	256	256	1.000000
403	256	256	1.000000
404	256	256	1.000000
405	256	256	1.000000
406	256	256	1.000000
407	256	256	1.000000
408	256	256	1.000000
409	256	256	1.000000
410	256	256	1.000000
411	256	256	1.000000
412	256	256	1.000000
413	256	256	1.000000
414	256	256	1.000000
415	256	256	1.000000
416	256	256	1.000000
417	256	256	1.000000
418	256	256	1.000000
419	256	256	1.000000
420	256	256	1.000000
421	256	256	1.000000
422	256	256	1.000000
423	256	256	1.000000
424	256	256	1.000000
425	256	256	1.000000
426	256	256	1.000000
427	256	256	1.000000
428	256	256	1.000000
429	256	256	1.000000
430	256	256	1.000000
431	256	256	1.000000
432	256	256	1.000000
433	256	256	1.000000
434	256	256	1.000000
435	256	256	1.000000
436	256	256	1.000000
437	256	256	1.000000
438	256	256	1.000000
439	256	256	1.000000
440	256	256	1.000000
441	256	256	1.000000
442	256	256	1.000000
443	256	256	1.000000
444	256	256	1.000000
445	256	256	1.000000
446	256	256	1.000000
447	256	256	1.000000
448	256	256	1.000000
449	256	256	1.000000
450	256	256	1.000000
451	256	256	1.000000
452	256	256	1.000000
453	256	256	1.000000
454	256	256	1.000000
455	256	256	1.000000
456	256	256	1.000000
457	256	256	1.000000
458	256	256	1.000000
459	256	256	1.000000
460	256	256	1.000000
461	256	256	1.000000
462	256	256	1.000000
463	256	256	1.000000
464	256	256	1.000000
465	256	256	1.000000
466	256	256	1.000000
467	256	256	1.000000
468	256	256	1.000000
469	256	256	1.000000
470	256	256	1.000000
471	256	256	1.000000
472	256	256	1.000000
473	256	256	1.000000
474	256	256	1.000000
475	256	256	1.000000
476	256	256	1.000000
477	256	256	1.000000
478	256	256	1.000000
479	256	256	1.000000
480	256	256	1.000000
481	256	256	1.000000
482	256	256	1.000000
483	256	256	1.000000
484	256	256	1.000000
485	256	256	1.000000
486	256	256	1.000000
487	256	256	1.000000
488	256	256	1.000000
489	256	256	1.000000
490	256	256	1.000000
491	256	256	1.000000
492	256	256	1.000000
493	256	256	1.000000
494	256	256	1.000000
495	256	256	1.000000
496	256	256	1.000000
497	256	256	1.000000
498	256	256	1.000000
499	256	256	1.000000
500	256	256	1.000000
501	256	256	1.000000
502	256	256	1.000000
503	256	256	1.000000
504	256	256	1.000000
505	256	256	1.000000
506	256	256	1.000000
507	256	256	1.000000
508	256	256	1.000000
509	256	256	1.000000
510	256	256	1.000000
511	256	256	1.000000
512	256	256	1.000000
513	256	256	1.000000
514	256	256	1.000000
515	256	256	1.000000
516	256	256	1.000000
517	256	256	1.000000
518	256	256	1.000000
519	256	256	1.000000
520	256	256	1.000000
521	256	256	1.000000
522	256	256	1.000000
523	256	256	1.000000
524	256	256	1.000000
525	256	256	1.000000
526	256	256	1.000000
527	256	256	1.000000
528	256	256	1.000000
529	256	256	1.000000
530	256	256	1.000000
531	256	256	1.000000
532	256	256	1.000000
533	256	256	1.000000
534	256	256	1.000000
535	256	256	1.000000
536	256	256	1.000000
537	256	256	1.000000
538	256	256	1.000000
539	256	256	1.000000
540	256	256	1.000000
541	256	256	1.000000
542	256	256	1.000000
543	256	256	1.000000
544	256	256	1.000000
545	256	256	1.000000
546	256	256	1.000000
547	256	256	1.000000
548	256	256	1.000000
549	256	256	1.000000
550	256	256	1.000000
551	256	256	1.000000
552	256	256	1.000000
553	256	256	1.000000
554	256	256	1.000000
555	256	256	1.000000
556	256	256	1.000000
557	256	256	1.000000
558	256	256	1.000000
559	256	256	1.000000
560	256	256	1.000000
561	256	256	1.000000
562	256	256	1.000000
563	256	256	1.000000
564	256	256	1.000000
565	256	256	1.000000
566	256	256	1.000000
567	256	256	1.000000
568	256	256	1.000000
569	256	256	1.000000
570	256	256	1.000000
571	256	256	1.000000
572	256	256	1.000000
573	256	256	1.000000
574	256	256	1.000000
575	256	256	1.000000
576	256	256	1.000000
577	256	256	1.000000
578	256	256	1.000000
579	256	256	1.000000
580	256	256	1.000000
581	256	256	1.000000
582	256	256	1.000000
583	256	256	1.000000
584	256	256	1.000000
585	256	256	1.000000
586	256	256	1.000000
587	256	256	1.000000
588	256	256	1.000000
589	256	256	1.000000
590	256	256	1.000000
591	256	256	1.000000
592	256	256	1.000000
593	256	256	1.000000
594	256	256	1.000000
595	256	256	1.000000
596	256	256	1.000000
597	256	256	1.000000
598	256	256	1.000000
599	256	256	1.000000
600	256	256	1.000000
601	256	256	1.000000
602	256	256	1.000000
603	256	256	1.000000
604	256	256	1.000000
605	256	256	1.000000
606	256	256	1.000000
607	256	256	1.000000
608	256	256	1.000000
609	256	256	1.000000
610	256	256	1.000000
611	256	256	1.000000
612	256	256	1.000000
613	256	256	1.000000
614	256	256	1.000000
615	256	256	1.000000
616	256	256	1.000000
617	256	256	1.000000
618	256	256	1.000000
619	256	256	1.000000
620	256	256	1.000000
621	256	256	1.000000
622	256	256	1.000000
623	256	256	1.000000
624	256	256	1.000000
625	256	256	1.000000
626	256	256	1.000000
627	256	256	1.000000
628	256	256	1.000000
629	256	256	1.000000
630	256	256	1.000000
631	256	256	1.000000
632	256	256	1.000000
633	256	256	1.000000
634	256	256	1.000000
635	256	256	1.000000
636	256	256	1.000000
637	256	256	1.000000
638	256	256	1.000000
639	256	256	1.000000
640	256	256	1.000000
641	256	256	1.000000
642	256	256	1.000000
643	256	256	1.000000
644	256	256	1.000000
645	256	256	1.000000
646	256	256	1.000000
647	256	256	1.000000
648	256	256	1.000000
649	256	256	1.000000
650	256	256	1.000000
651	256	256	1.000000
652	256	256	1.000000
653	256	256	1.000000
654	256	256	1.000000
655	256	256	1.000000
656	256	256	1.000000
657	256	256	1.000000
658	256	256	1.000000
659	256	256	1.000000
660	256	256	1.000000
661	256	256	1.000000
662	256	256	1.000000
663	256	256	1.000000
664	256	256	1.000000
665	256	256	1.000000
666	256	256	1.000000
667	256	256	1.000000
668	256	256	1.000000
669	256	256	1.000000
670	256	256	1.000000
671	256	256	1.000000
672	256	256	1.000000
673	256	256	1.000000
674	256	256	1.000000
675	256	256	1.000000
676	256	256	1.000000
677	256	256	1.000000
678	256	256	1.000000
679	256	256	1.000000
680	256	256	1.000000
681	256	256	1.000000
682	256	256	1.000000
683	256	256	1.000000
684	256	256	1.000000
685	256	256	1.000000
686	256	256	1.000000
687	256	256	1.000000
688	256	256	1.000000
689	256	256	1.000000
690	256	256	1.000000
691	256	256	1.000000
692	256	256	1.000000
693	256	256	1.000000
694	256	256	1.000000
695	256	256	1.000000
696	256	256	1.000000
697	256	256	1.000000
698	256	256	1.000000
699	256	256	1.000000
700	256	256	1.000000
701	256	256	1.000000
702	256	256	1.000000
703	256	256	1.000000
704	256	256	1.000000
705	256	256	1.000000
706	256	256	1.000000
707	256	256	1.000000
708	256	256	1.000000
709	256	256	1.000000
710	256	256	1.000000
711	256	256	1.000000
712	256	256	1.000000
713	256	256	1.000000
714	256	256	1.000000
715	256	256	1.000000
716	256	256	1.000000
717	256	256	1.000000
718	256	256	1.000000
719	256	256	1.000000
720	256	256	1.000000
721	256	256	1.000000
722	256	256	1.000000
723	256	256	1.000000
724	256	256	1.000000
725	256	256	1.000000
726	256	256	1.000000
727	256	256	1.000000
728	256	256	1.000000
729	256	256	1.000000
730	256	256	1.000000
731	256	256	1.000000
732	256	256	1.000000
733	256	256	1.000000
734	256	256	1.000000
735	256	256	1.000000
736	256	256	1.000000
737	256	256	1.000000
738	256	256	1.000000
739	256	256	1.000000
740	256	256	1.000000
741	256	256	1.000000
742	256	256	1.000000
743	256	256	1.000000
744	256	256	1.000000
745	256	256	1.000000
746	256	256	1.000000
747	256	256	1.000000
748	256	256	1.000000
749	256	256	1.000000
750	256	256	1.000000
751	256	256	1.000000
752	256	256	1.000000
753	256	256	1.000000
754	256	256	1.000000
755	256	256	1.000000
756	256	256	1.000000
757	256	256	1.000000
758	256	256	1.000000
759	256	256	1.000000
760	256	256	1.000000
761	256	256	1.000000
762	256	256	1.000000
763	256	256	1.000000
764	256	256	1.000000
765	256	256	1.000000
766	256	256	1.000000
767	256	256	1.000000
768	256	256	1.000000
769	256	256	1.000000
770	256	256	1.000000
771	256	256	1.000000
772	256	256	1.000000
773	256	256	1.000000
774	256	256	1.000000
775	256	256	1.000000
776	256	256	1.000000
777	256	256	1.000000
778	256	256	1.000000
779	256	256	1.000000
780	256	256	1.000000
781	256	256	1.000000
782	256	256	1.000000
783	256	256	1.000000
784	256	256	1.000000
785	256	256	1.000000
786	256	256	1.000000
787	256	256	1.000000
788	256	256	1.000000
789	256	256	1.000000
790	256	256	1.000000
791	256	256	1.000000
792	256	256	1.000000
793	256	256	1.000000
794	256	256	1.000000
795	256	256	1.000000
796	256	256	1.000000
797	256	256	1.000000
798	256	256	1.000000
799	256	256	1.000000
800	256	256	1.000000
801	256	256	1.000000
802	256	256	1.000000
803	256	256	1.000000
804	256	256	1.000000
805	256	256	1.000000
806	256	256	1.000000
807	256	256	1.000000
808	256	256	1.000000
809	256	256	1.000000
810	256	256	1.000000
811	256	256	1.000000
812	256	256	1.000000
813	256	256	1.000000
814	256	256	1.000000
815	256	256	1.000000
816	256	256	1.000000
817	256	256	1.000000
818	256	256	1.000000
819	256	256	1.000000
820	256	256	1.000000
821	256	256	1.000000
822	256	256	1.000000
823	256	256	1.000000
824	256	256	1.000000
825	256	256	1.000000
826	256	256	1.000000
827	256	256	1.000000
828	256	256	1.000000
829	256	256	1.000000
830	256	256	1.000000
831	256	256	1.000000
832	256	256	1.000000
833	256	256	1.000000
834	256	256	1.000000
835	256	256	1.000000
836	256	256	1.000000
837	256	256	1.000000
838	256	256	1.000000
839	256	256	1.000000
840	256	256	1.000000
841	256	256	1.000000
842	256	256	1.000000
843	256	256	1.000000
844	256	256	1.000000
845	256	256	1.000000
846	256	256	1.000000
847	256	256	1.000000
848	256	256	1.000000
849	256	256	1.000000
850	256	256	1.000000
851	256	256	1.000000
852	256	256	1.000000
853	256	256	1.000000
854	256	256	1.000000
855	256	256	1.000000
856	256	256	1.000000
857	256	256	1.000000
858	256	256	1.000000
859	256	256	1.000000
860	256	256	1.000000
861	256	256	1.000000
862	256	256	1.000000
863	256	256	1.000000
864	256	256	1.000000
865	256	256	1.000000
866	256	256	1.000000
867	256	256	1.000000
868	256	256	1.000000
869	256	256	1.000000
870	256	256	1.000000
871	256	256	1.000000
872	256	256	1.000000
873	256	256	1.000000
874	256	256	1.000000
875	256	256	1.000000
876	256	256	1.000000
877	256	256	1.000000
878	256	256	1.000000
879	256	256	1.000000
880	256	256	1.000000
881	256	256	1.000000
882	256	256	1.000000
883	256	256	1.000000
884	256	256	1.000000
885	256	256	1.000000
886	256	256	1.000000
887	256	256	1.000000
888	256	256	1.000000
889	256	256	1.000000
890	256	256	1.000000
891	256	256	1.000000
892	256	256	1.000000
893	256	256	1.000000
894	256	256	1.000000
895	256	256	1.000000
896	256	256	1.000000
897	256	256	1.000000
898	256	256	1.000000
899	256	256	1.000000
900	256	256	1.000000
901	256	256	1.000000
902	256	256	1.000000
903	256	256	1.000000
904	256	256	1.000000
905	256	256	1.000000
906	256	256	1.000000
907	256	256	1.000000
908	256	256	1.000000
909	256	256	1.000000
910	256	256	1.000000
911	256	256	1.000000
912	256	256	1.000000
913	256	256	1.000000
914	256	256	1.000000
915	256	256	1.000000
916	256	256	1.000000
917	256	256	1.000000
918	256	256	1.000000
919	256	256	1.000000
920	256	256	1.000000
921	256	256	1.000000
922	256	256	1.000000
923	256	256	1.000000
924	256	256	1.000000
925	256	256	1.000000
926	256	256	1.000000
927	256	256	1.000000
928	256	256	1.000000
929	256	256	1.000000
930	256	256	1.000000
931	256	256	1.000000
932	256	256	1.000000
933	256	256	1.000000
934	256	256	1.000000
935	256	256	1.000000
936	256	256	1.000000
937	256	256	1.000000
938	256	256	1.000000
939	256	256	1.000000
940	256	256	1.000000
941	256	256	1.000000
942	256	256	1.000000
943	256	256	1.000000
944	256	256	1.000000
945	256	256	1.000000
946	256	256	1.000000
947	256	256	1.000000
948	256	256	1.000000
949	256	256	1.000000
950	256	256	1.000000
951	256	256	1.000000
952	256	256	1.000000
953	256	256	1.000000
954	256	256	1.000000
955	256	256	1.000000
956	256	256	1.000000
957	256	256	1.000000
958	256	256	1.000000
959	256	256	1.000000
960	256	256	1.000000
961	256	256	1.000000
962	256	256	1.000000
963	256	256	1.000000
964	256	256	1.000000
965	256	256	1.000000
966	256	256	1.000000
967	256	256	1.000000
968	256	256	1.000000
969	256	256	1.000000
970	256	256	1.000000
971	256	256	1.000000
972	256	256	1.000000
973	256	256	1.000000
974	256	256	1.000000
975	256	256	1.000000
976	256	256	1.000000
977	256	256	1.000000
978	256	256	1.000000
979	256	256	1.000000
980	256	256	1.000000
981	256	256	1.000000
982	256	256	1.000000
983	256	256	1.000000
984	256	256	1.000000
985	256	256	1.000000
986	256	256	1.000000
987	256	256	1.000000
988	256	256	1.000000
989	256	256	1.000000
990	256	256	1.000000
991	256	256	1.000000
992	256	256	1.000000
993	256	256	1.000000
994	256	256	1.000000
995	256	256	1.000000
996	256	256	1.000000
997	256	256	1.000000
998	256	256	1.000000
999	256	256	1.000000
1000	256	256	1.000000
1001	256	256	1.000000
1002	256	256	1.000000
1003	256	256	1.000000
1004	256	256	1.000000
1005	256	256	1.000000
1006	256	256	1.000000
1007	256	256	1.000000
1008	256	256	1.000000
1009	256	256	1.000000
1010	256	256	1.000000
1011	256	256	1.000000
1012	256	256	1.000000
1013	256	256	1.000000
1014	256	256	1.000000
1015	256	256	1.000000
1016	256	256	1.000000
1017	256	256	1.000000
1018	256	256	1.000000
1019	256	256	1.000000
1020	256	256	1.000000
1021	256	256	1.000000
1022	256	256	1.000000
1023	256	256	1.000000
1024	256	256	1.000000
1025	256	256	1.000000
1026	256	256	1.000000
1027	256	256	1.000000
1028	256	256	1.000000
1029	256	256	1.000000
1030	256	256	1.000000
1031	256	256	1.000000
1032	256	256	1.000000
1033	256	256	1.000000
1034	256	256	1.000000
1035	256	256	1.000000
1036	256	256	1.000000
1037	256	256	1.000000
1038	256	256	1.000000
1039	256	256	1.000000
1040	256	256	1.000000
1041	256	256	1.000000
1042	256	256	1.000000
1043	256	256	1.000000
1044	256	256	1.000000
1045	256	256	1.000000
1046	256	256	1.000000
1047	256	256	1.000000
1048	256	256	1.000000
1049	256	256	1.000000
1050	256	256	1.000000
1051	256	256	1.000000
1052	256	256	1.000000
1053	256	256	1.000000
1054	256	256	1.000000
1055	256	256	1.000000
1056	256	256	1.000000
1057	256	256	1.000000
1058	256	256	1.000000
1059	256	256	1.000000
1060	256	256	1.000000
1061	256	256	1.000000
1062	256	256	1.000000
1063	256	256	1.000000
1064	256	256	1.000000
1065	256	256	1.000000
1066	256	256	1.000000
1067	256	256	1.000000
1068	256	256	1.000000
1069	256	256	1.000000
1070	256	256	1.000000
1071	256	256	1.000000
1072	256	256	1.000000
1073	256	256	1.000000
1074	256	256	1.000000
1075	256	256	1.000000
1076	256	256	1.000000
1077	256	256	1.000000
1078	256	256	1.000000
1079	256	256	1.000000
1080	256	256	1.000000
1081	256	256	1.000000
1082	256	256	1.000000
1083	256	256	1.000000
1084	256	256	1.000000
1085	256	256	1.000000
1086	256	256	1.000000
1087	256	256	1.000000
1088	256	256	1.000000
1089	256	256	1.000000
1090	256	256	1.000000
1091	256	256	1.000000
1092	256	256	1.000000
1093	256	256	1.000000
1094	256	256	1.000000
1095	256	256	1.000000
1096	256	256	1.000000
1097	256	256	1.000000
1098	256	256	1.000000
1099	256	256	1.000000
1100	256	256	1.000000
1101	256	256	1.000000
1102	256	256	1.000000
1103	256	256	1.000000
1104	256	256	1.000000
1105	256	256	1.000000
1106	256	256	1.000000
1107	256	256	1.000000
1108	256	256	1.000000
1109	256	256	1.000000
1110	256	256	1.000000
1111	256	256	1.000000
1112	256	256	1.000000
1113	256	256	1.000000
1114	256	256	1.000000
1115	256	256	1.000000
1116	256	256	1.000000
1117	256	256	1.000000
1118	256	256	1.000000
1119	256	256	1.000000
1120	256	256	1.000000
1121	256	256	1.000000
1122	256	256	1.000000
1123	256	256	1.000000
1124	256	256	1.000000
1125	256	256	1.000000
1126	256	256	1.000000
1127	256	256	1.000000
1128	256	256	1.000000
1129	256	256	1.000000
1130	256	256	1.000000
1131	256	256	1.000000
1132	256	256	1.000000
1133	256	256	1.000000
1134	256	256	1.000000
1135	256	256	1.000000
1136	256	256	1.000000
1137	256	256	1.000000
1138	256	256	1.000000
1139	256	256	1.000000
1140	256	256	1.000000
1141	256	256	1.000000
1142	256	256	1.000000
1143	256	256	1.000000
1144	256	256	1.000000
1145	256	256	1.000000
1146	256	256	1.000000
1147	256	256	1.000000
1148	256	256	1.000000
1149	256	256	1.000000
1150	256	256	1.000000
1151	256	256	1.000000
1152	256	256	1.000000
1153	256	256	1.000000
1154	256	256	1.000000
1155	256	256	1.000000
1156	256	256	1.000000
1157	256	256	1.000000
1158	256	256	1.000000
1159	256	256	1.000000
1160	256	256	1.000000
1161	256	256	1.000000
1162	256	256	1.000000
1163	256	256	1.000000
1164	256	256	1.000000
1165	256	256	1.000000
1166	256	256	1.000000
1167	256	256	1.000000
1168	256	256	1.000000
1169	256	256	1.000000
1170	256	256	1.000000
1171	256	256	1.000000
1172	256	256	1.000000
1173	256	256	1.000000
1174	256	256	1.000000
1175	256	256	1.000000
1176	256	256	1.000000
1177	256	256	1.000000
1178	256	256	1.000000
1179	256	256	1.000000
1180	256	256	1.000000
1181	256	256	1.000000
1182	256	256	1.000000
1183	256	256	1.000000
1184	256	256	1.000000
1185	256	256	1.000000
1186	256	256	1.000000
1187	256	256	1.000000
1188	256	256	1.000000
1189	256	256	1.000000
1190	256	256	1.000000
1191	256	256	1.000000
1192	256	256	1.000000
1193	256	256	1.000000
1194	256	256	1.000000
1195	256	256	1.000000
1196	256	256	1.000000
1197	256	256	1.000000
1198	256	256	1.000000
1199	256	256	1.000000
1200	256	256	1.000000
1201	256	256	1.000000
1202	256	256	1.000000
1203	256	256	1.000000
1204	256	256	1.000000
1205	256	256	1.000000
1206	256	256	1.000000
1207	256	256	1.000000
1208	256	256	1.000000
1209	256	256	1.000000
1210	256	256	1.000000
1211	256	256	1.000000
1212	256	256	1.000000
1213	256	256	1.000000
1214	256	256	1.000000
1215	256	256	1.000000
1216	256	256	1.000000
1217	256	256	1.000000
1218	256	256	1.000000
1219	256	256	1.000000
1220	256	256	1.000000
1221	256	256	1.000000
1222	256	256	1.000000
1223	256	256	1.000000
1224	256	256	1.000000
1225	256	256	1.000000
1226	256	256	1.000000
1227	256	256	1.000000
1228	256	256	1.000000
1229	256	256	1.000000
1230	256	256	1.000000
1231	256	256	1.000000
1232	256	256	1.000000
1233	256	256	1.000000
1234	256	256	1.000000
1235	256	256	1.000000
1236	256	256	1.000000
1237	256	256	1.000000
1238	256	256	1.000000
1239	256	256	1.000000
1240	256	256	1.000000
1241	256	256	1.000000
1242	256	256	1.000000
1243	256	256	1.000000
1244	256	256	1.000000
1245	256	256	1.000000
1246	256	256	1.000000
1247	256	256	1.000000
1248	256	256	1.000000
1249	256	256	1.000000
1250	256	256	1.000000
1251	256	256	1.000000
1252	256	256	1.000000
1253	256	256	1.000000
1254	256	256	1.000000
1255	256	256	1.000000
1256	256	256	1.000000
1257	256	256	1.000000
1258	256	256	1.000000
1259	256	256	1.000000
1260	256	256	1.000000
1261	256	256	1.000000
1262	256	256	1.000000
1263	256	256	1.000000
1264	256	256	1.000000
1265	256	256	1.000000
1266	256	256	1.000000
1267	256	256	1.000000
1268	256	256	1.000000
1269	256	256	1.000000
1270	256	256	1.000000
1271	256	256	1.000000
1272	256	256	1.000000
1273	256	256	1.000000
1274	256	256	1.000000
1275	256	256	1.000000
1276	256	256	1.000000
1277	256	256	1.000000
1278	256	256	1.000000
1279	256	256	1.000000
1280	256	256	1.000000
1281	256	256	1.000000
1282	256	256	1.000000
1283	256	256	1.000000
1284	256	256	1.000000
1285	256	256	1.000000
1286	256	256	1.000000
1287	256	256	1.000000
1288	256	256	1.000000
1289	256	256	1.000000
1290	256	256	1.000000
1291	256	256	1.000000
1292	256	256	1.000000
1293	256	256	1.000000
1294	256	256	1.000000
1295	256	256	1.000000
1296	256	256	1.000000
1297	256	256	1.000000
1298	256	256	1.000000
1299	256	256	1.000000
1300	256	256	1.000000
1301	256	256	1.000000
1302	256	256	1.000000
1303	256	256	1.000000
1304	256	256	1.000000
1305	256	256	1.000000
1306	256	256	1.000000
1307	256	256	1.000000
1308	256	256	1.000000
1309	256	256	1.000000
1310	256	256	1.000000
1311	256	256	1.000000
1312	256	256	1.000000
1313	256	256	1.000000
1314	256	256	1.000000
1315	256	256	1.000000
1316	256	256	1.000000
1317	256	256	1.000000
1318	256	256	1.000000
1319	256	256	1.000000
1320	256	256	1.000000
1321	256	256	1.000000
1322	256	256	1.000000
1323	256	256	1.000000
1324	256	256	1.000000
1325	256	256	1.000000
1326	256	256	1.000000
1327	256	256	1.000000
1328	256	256	1.000000
1329	256	256	1.000000
1330	256	256	1.000000
1331	256	256	1.000000
1332	256	256	1.000000
1333	256	256	1.000000
1334	256	256	1.000000
1335	256	256	1.000000
1336	256	256	1.000000
1337	256	256	1.000000
1338	256	256	1.000000
1339	256	256	1.000000
1340	256	256	1.000000
1341	256	256	1.000000
1342	256	256	1.000000
1343	256	256	1.000000
1344	256	256	1.000000
1345	256	256	1.000000
1346	256	256	1.000000
1347	256	256	1.000000
1348	256	256	1.000000
1349	256	256	1.000000
1350	256	256	1.000000
1351	256	256	1.000000
1352	256	256	1.000000
1353	256	256	1.000000
1354	256	256	1.000000
1355	256	256	1.000000
1356	256	256	1.000000
1357	256	256	1.000000
1358	256	256	1.000000
1359	256	256	1.000000
1360	256	256	1.000000
1361	256	256	1.000000
1362	256	256	1.000000
1363	256	256	1.000000
1364	256	256	1.000000
1365	256	256	1.000000
1366	256	256	1.000000
1367	256	256	1.000000
1368	256	256	1.000000
1369	256	256	1.000000
1370	256	256	1.000000
1371	256	256	1.000000
1372	256	256	1.000000
1373	256	256	1.000000
1374	256	256	1.000000
1375	256	256	1.000000
1376	256	256	1.000000
1377	256	256	1.000000
1378	256	256	1.000000
1379	256	256	1.000000
1380	256	256	1.000000
1381	256	256	1.000000
1382	256	256	1.000000
1383	256	256	1.000000
1384	256	256	1.000000
1385	256	256	1.000000
1386	256	256	1.000000
1387	256	256	1.000000
1388	256	256	1.000000
1389	256	256	1.000000
1390	256	256	1.000000
1391	256	256	1.000000
1392	256	256	1.000000
1393	256	256	1.000000
1394	256	256	1.000000
1395	256	256	1.000000
1396	256	256	1.000000
1397	256	256	1.000000
1398	256	256	1.000000
1399	256	256	1.000000
1400	256	256	1.000000
1401	256	256	1.000000
1402	256	256	1.000000
1403	256	256	1.000000
1404	256	256	1.000000
1405	256	256	1.000000
1406	256	256	1.000000
1407	256	256	1.000000
1408	256	256	1.000000
1409	256	256	1.000000
1410	256	256	1.000000
1411	256	256	1.000000
1412	256	256	1.000000
1413	256	256	1.000000
1414	256	256	1.000000
1415	256	256	1.000000
1416	256	256	1.000000
1417	256	256	1.000000
1418	256	256	1.000000
1419	256	256	1.000000
1420	256	256	1.000000
1421	256	256	1.000000
1422	256	256	1.000000
1423	256	256	1.000000
1424	256	256	1.000000
1425	256	256	1.000000
1426	256	256	1.000000
1427	256	256	1.000000
1428	256	256	1.000000
1429	256	256	1.000000
1430	256	256	1.000000
1431	256	256	1.000000
1432	256	256	1.000000
1433	256	256	1.000000
1434	256	256	1.000000
1435	256	256	1.000000
1436	256	256	1.000000
1437	256	256	1.000000
1438	256	256	1.000000
1439	256	256	1.000000
1440	256	256	1.000000
1441	256	256	1.000000
1442	256	256	1.000000
1443	256	256	1.000000
1444	256	256	1.000000
1445	256	256	1.000000
1446	256	256	1.000000
1447	256	256	1.000000
1448	256	256	1.000000
1449	256	256	1.000000
1450	256	256	1.000000
1451	256	256	1.000000
1452	256	256	1.000000
1453	256	256	1.000000
1454	256	256	1.000000
1455	256	256	1.000000
1456	256	256	1.000000
1457	256	256	1.000000
1458	256	256	1.000000
1459	256	256	1.000000
1460	256	256	1.000000
1461	256	256	1.000000
1462	256	256	1.000000
1463	256	256	1.000000
1464	256	256	1.000000
1465	256	256	1.000000
1466	256	256	1.000000
1467	256	256	1.000000
1468	256	256	1.000000
1469	256	256	1.000000
1470	256	256	1.000000
1471	256	256	1.000000
1472	256	256	1.000000
1473	256	256	1.000000
1474	256	256	1.000000
1475	256	256	1.000000
1476	256	256	1.000000
1477	256	256	1.000000
1478	256	256	1.000000
1479	256	256	1.000000
1480	256	256	1.000000
1481	256	256	1.000000
1482	256	256	1.000000
1483	256	256	1.000000
1484	256	256	1.000000
1485	256	256	1.000000
1486	256	256	1.000000
1487	256	256	1.000000
1488	256	256	1.000000
1489	256	256	1.000000
1490	256	256	1.000000
1491	256	256	1.000000
1492	256	256	1.000000
1493	256	256	1.000000
1494	256	256	1.000000
1495	256	256	1.000000
1496	256	256	1.000000
1497	256	256	1.000000
1498	256	256	1.000000
1499	256	256	1.000000
1500	256	256	1.000000
1501	256	256	1.000000
1502	256	256	1.000000
1503	256	256	1.000000
1504	256	256	1.000000
1505	256	256	1.000000
1506	256	256	1.000000
1507	256	256	1.000000
1508	256	256	1.000000
1509	256	256	1.000000
1510	256	256	1.000000
1511	256	256	1.000000
1512	256	256	1.000000
1513	256	256	1.000000
1514	256	256	1.000000
1515	256	256	1.000000
1516	256	256	1.000000
1517	256	256	1.000000
1518	256	256	1.000000
1519	256	256	1.000000
1520	256	256	1.000000
1521	256	256	1.000000
1522	256	256	1.000000
1523	256	256	1.000000
1524	256	256	1.000000
1525	256	256	1.000000
1526	256	256	1.000000
1527	256	256	1.000000
1528	256	256	1.000000
1529	256	256	1.000000
1530	256	256	1.000000
1531	256	256	1.000000
1532	256	256	1.000000
1533	256	256	1.000000
1534	256	256	1.000000
1535	256	256	1.000000
1536	256	256	1.000000
1537	256	256	1.000000
1538	256	256	1.000000
1539	256	256	1.000000
1540	256	256	1.000000
1541	256	256	1.000000
1542	256	256	1.000000
1543	256	256	1.000000
1544	256	256	1.000000
1545	256	256	1.000000
1546	256	256	1.000000
1547	256	256	1.000000
1548	256	256	1.000000
1549	256	256	1.000000
1550	256	256	1.000000
1551	256	256	1.000000
1552	256	256	1.000000
1553	256	256	1.000000
1554	256	256	1.000000
1555	256	256	1.000000
1556	256	256	1.000000
1557	256	256	1.000000
1558	256	256	1.000000
1559	256	256	1.000000
1560	256	256	1.000000
1561	256	256	1.000000
1562	256	256	1.000000
1563	256	256	1.000000
1564	256	256	1.000000
1565	256	256	1.000000
1566	256	256	1.000000
1567	256	256	1.000000
1568	256	256	1.000000
1569	256	256	1.000000
1570	256	256	1.000000
1571	256	256	1.000000
1572	256	256	1.000000
1573	256	256	1.000000
1574	256	256	1.000000
1575	256	256	1.000000
1576	256	256	1.000000
1577	256	256	1.000000
1578	256	256	1.000000
1579	256	256	1.000000
1580	256	256	1.000000
1581	256	256	1.000000
1582	256	256	1.000000
1583	256	256	1.000000
1584	256	256	1.000000
1585	256	256	1.000000
1586	256	256	1.000000
1587	256	256	1.000000
1588	256	256	1.000000
1589	256	256	1.000000
1590	256	256	1.000000
1591	256	256	1.000000
1592	256	256	1.000000
1593	256	256	1.000000
1594	256	256	1.000000
1595	256	256	1.000000
1596	256	256	1.000000
1597	256	256	1.000000
1598	256	256	1.000000
1599	256	256	1.000000
1600	256	256	1.000000
1601	256	256	1.000000
1602	256	256	1.000000
1603	256	256	1.000000
1604	256	256	1.000000
1605	256	256	1.000000
1606	256	256	1.000000
1607	256	256	1.000000
1608	256	256	1.000000
1609	256	256	1.000000
1610	256	256	1.000000
1611	256	256	1.000000
1612	256	256	1.000000
1613	256	256	1.000000
1614	256	256	1.000000
1615	256	256	1.000000
1616	256	256	1.000000
1617	256	256	1.000000
1618	256	256	1.000000
1619	256	256	1.000000
1620	256	256	1.000000
1621	256	256	1.000000
1622	256	256	1.000000
1623	256	256	1.000000
1624	256	256	1.000000
1625	256	256	1.000000
1626	256	256	1.000000
1627	256	256	1.000000
1628	256	256	1.000000
1629	256	256	1.000000
1630	256	256	1.000000
1631	256	256	1.000000
1632	256	256	1.000000
1633	256	256	1.000000
1634	256	256	1.000000
1635	256	256	1.000000
1636	256	256	1.000000
1637	256	256	1.000000
1638	256	256	1.000000
1639	256	256	1.000000
1640	256	256	1.000000
1641	256	256	1.000000
1642	256	256	1.000000
1643	256	256	1.000000
1644	256	256	1.000000
1645	256	256	1.000000
1646	256	256	1.000000
1647	256	256	1.000000
1648	256	256	1.000000
1649	256	256	1.000000
1650	256	256	1.000000
1651	256	256	1.000000
1652	256	256	1.000000
1653	256	256	1.000000
1654	256	256	1.000000
1655	256	256	1.000000
1656	256	256	1.000000
1657	256	256	1.000000
1658	256	256	1.000000
1659	256	256	1.000000
1660	256	256	1.000000
1661	256	256	1.000000
1662	256	256	1.000000
1663	256	256	1.000000
1664	256	256	1.000000
1665	256	256	1.000000
1666	256	256	1.000000
1667	256	256	1.000000
1668	256	256	1.000000
1669	256	256	1.000000
1670	256	256	1.000000
1671	256	256	1.000000
1672	256	256	1.000000
1673	256	256	1.000000
1674	256	256	1.000000
1675	256	256	1.000000
1676	256	256	1.000000
1677	256	256	1.000000
1678	256	256	1.000000
1679	256	256	1.000000
1680	256	256	1.000000
1681	256	256	1.000000
1682	256	256	1.000000
1683	256	256	1.000000
1684	256	256	1.000000
1685	256	256	1.000000
1686	256	256	1.000000
1687	256	256	1.000000
1688	256	256	1.000000
1689	256	256	1.000000
1690	256	256	1.000000
1691	256	256	1.000000
1692	256	256	1.000000
1693	256	256	1.000000
1694	256	256	1.000000
1695	256	256	1.000000
1696	256	256	1.000000
1697	256	256	1.000000
1698	256	256	1.000000
1699	256	256	1.000000
1700	256	256	1.000000
1701	256	256	1.000000
1702	256	256	1.000000
1703	256	256	1.000000
1704	256	256	1.000000
1705	256	256	1.000000
1706	256	256	1.000000
1707	256	256	1.000000
1708	256	256	1.000000
1709	256	256	1.000000
1710	256	256	1.000000
1711	256	256	1.000000
1712	256	256	1.000000
1713	256	256	1.000000
1714	256	256	1.000000
1715	256	256	1.000000
1716	256	256	1.000000
1717	256	256	1.000000
1718	256	256	1.000000
1719	256	256	1.000000
1720	256	256	1.000000
1721	256	256	1.000000
1722	256	256	1.000000
1723	256	256	1.000000
1724	256	256	1.000000
1725	256	256	1.000000
1726	256	256	1.000000
1727	256	256	1.000000
1728	256	256	1.000000
1729	256	256	1.000000
1730	256	256	1.000000
1731	256	256	1.000000
1732	256	256	1.000000
1733	256	256	1.000000
1734	256	256	1.000000
1735	256	256	1.000000
1736	256	256	1.000000
1737	256	256	1.000000
1738	256	256	1.000000
1739	256	256	1.000000
1740	256	256	1.000000
1741	256	256	1.000000
1742	256	256	1.000000
1743	256	256	1.000000
1744	256	256	1.000000
1745	256	256	1.000000
1746	256	256	1.000000
1747	256	256	1.000000
1748	256	256	1.000000
1749	256	256	1.000000
1750	256	256	1.000000
1751	256	256	1.000000
1752	256	256	1.000000
1753	256	256	1.000000
1754	256	256	1.000000
1755	256	256	1.000000
1756	256	256	1.000000
1757	256	256	1.000000
1758	256	256	1.000000
1759	256	256	1.000000
1760	256	256	1.000000
1761	256	256	1.000000
1762	256	256	1.000000
1763	256	256	1.000000
1764	256	256	1.000000
1765	256	256	1.000000
1766	256	256	1.000000
1767	256	256	1.000000
1768	256	256	1.000000
1769	256	256	1.000000
1770	256	256	1.000000
1771	256	256	1.000000
1772	256	256	1.000000
1773	256	256	1.000000
1774	256	256	1.000000
1775	256	256	1.000000
1776	256	256	1.000000
1777	256	256	1.000000
1778	256	256	1.000000
1779	256	256	1.000000
1780	256	256	1.000000
1781	256	256	1.000000
1782	256	256	1.000000
1783	256	256	1.000000
1784	256	256	1.000000
1785	256	256	1.000000
1786	256	256	1.000000
1787	256	256	1.000000
1788	256	256	1.000000
1789	256	256	1.000000
1790	256	256	1.000000
1791	256	256	1.000000
1792	256	256	1.000000
1793	256	256	1.000000
1794	256	256	1.000000
1795	256	256	1.000000
1796	256	256	1.000000
1797	256	256	1.000000
1798	256	256	1.000000
1799	256	256	1.000000
1800	256	256	1.000000
1801	256	256	1.000000
1802	256	256	1.000000
1803	256	256	1.000000
1804	256	256	1.000000
1805	256	256	1.000000
1806	256	256	1.000000
1807	256	256	1.000000
1808	256	256	1.000000
1809	256	256	1.000000
1810	256	256	1.000000
1811	256	256	1.000000
1812	256	256	1.000000
1813	256	256	1.000000
1814	256	256	1.000000
1815	256	256	1.000000
1816	256	256	1.000000
1817	256	256	1.000000
1818	256	256	1.000000
1819	256	256	1.000000
1820	256	256	1.000000
1821	256	256	1.000000
1822	256	256	1.000000
1823	256	256	1.000000
1824	256	256	1.000000
1825	256	256	1.000000
1826	256	256	1.000000
1827	256	256	1.000000
1828	256	256	1.000000
1829	256	256	1.000000
1830	256	256	1.000000
1831	256	256	1.000000
1832	256	256	1.000000
1833	256	256	1.000000
1834	256	256	1.000000
1835	256	256	1.000000
1836	256	256	1.000000
1837	256	256	1.000000
1838	256	256	1.000000
1839	256	256	1.000000
1840	256	256	1.000000
1841	256	256	1.000000
1842	256	256	1.000000
1843	256	256	1.000000
1844	256	256	1.000000
1845	256	256	1.000000
1846	256	256	1.000000
1847	256	256	1.000000
1848	256	256	1.000000
1849	256	256	1.000000
1850	256	256	1.000000
1851	256	256	1.000000
1852	256	256	1.000000
1853	256	256	1.000000
1854	256	256	1.000000
1855	256	256	1.000000
1856	256	256	1.000000
1857	256	256	1.000000
1858	256	256	1.000000
1859	256	256	1.000000
1860	256	256	1.000000
1861	256	256	1.000000
1862	256	256	1.000000
1863	256	256	1.000000
1864	256	256	1.000000
1865	256	256	1.000000
1866	256	256	1.000000
1867	256	256	1.000000
1868	256	256	1.000000
1869	256	256	1.000000
1870	256	256	1.000000
1871	256	256	1.000000
1872	256	256	1.000000
1873	256	256	1.000000
1874	256	256	1.000000
1875	256	256	1.000000
1876	256	256	1.000000
1877	256	256	1.000000
1878	256	256	1.000000
1879	256	256	1.000000
1880	256	256	1.000000
1881	256	256	1.000000
1882	256	256	1.000000
1883	256	256	1.000000
1884	256	256	1.000000
1885	256	256	1.000000
1886	256	256	1.000000
1887	256	256	1.000000
1888	256	256	1.000000
1889	256	256	1.000000
1890	256	256	1.000000
1891	256	256	1.000000
1892	256	256	1.000000
1893	256	256	1.000000
1894	256	256	1.000000
1895	256	256	1.000000
1896	256	256	1.000000
1897	256	256	1.000000
1898	256	256	1.000000
1899	256	256	1.000000
1900	256	256	1.000000
1901	256	256	1.000000
1902	256	256	1.000000
1903	256	256	1.000000
1904	256	256	1.000000
1905	256	256	1.000000
1906	256	256	1.000000
1907	256	256	1.000000
1908	256	256	1.000000
1909	256	256	1.000000
1910	256	256	1.000000
1911	256	256	1.000000
1912	256	256	1.000000
1913	256	256	1.000000
1914	256	256	1.000000
1915	256	256	1.000000
1916	256	256	1.000000
1917	256	256	1.000000
1918	256	256	1.000000
1919	256	256	1.000000
1920	256	256	1.000000
1921	256	256	1.000000
1922	256	256	1.000000
1923	256	256	1.000000
1924	256	256	1.000000
1925	256	256	1.000000
1926	256	256	1.000000
1927	256	256	1.000000
1928	256	256	1.000000
1929	256	256	1.000000
1930	256	256	1.000000
1931	256	256	1.000000
1932	256	256	1.000000
1933	256	256	1.000000
1934	256	256	1.000000
1935	256	256	1.000000
1936	256	256	1.000000
1937	256	256	1.000000
1938	256	256	1.000000
1939	256	256	1.000000
1940	256	256	1.000000
1941	256	256	1.000000
1942	256	256	1.000000
1943	256	256	1.000000
1944	256	256	1.000000
1945	256	256	1.000000
1946	256	256	1.000000
1947	256	256	1.000000
1948	256	256	1.000000
1949	256	256	1.000000
1950	256	256	1.000000
1951	256	256	1.000000
1952	256	256	1.000000
1953	256	256	1.000000
1954	256	256	1.000000
1955	256	256	1.000000
1956	256	256	1.000000
1957	256	256	1.000000
1958	256	256	1.000000
1959	256	256	1.000000
1960	256	256	1.000000
1961	256	256	1.000000
1962	256	256	1.000000
1963	256	256	1.000000
1964	256	256	1.000000
1965	256	256	1.000000
1966	256	256	1.000000
1967	256	256	1.000000
1968	256	256	1.000000
1969	256	256	1.000000
1970	256	256	1.000000
1971	256	256	1.000000
1972	256	256	1.000000
1973	256	256	1.000000
1974	256	256	1.000000
1975	256	256	1.000000
1976	256	256	1.000000
1977	256	256	1.000000
1978	256	256	1.000000
1979	256	256	1.000000
1980	256	256	1.000000
1981	256	256	1.000000
1982	256	256	1.000000
1983	256	256	1.000000
1984	256	256	1.000000
1985	256	256	1.000000
1986	256	256	1.000000
1987	256	256	1.000000
1988	256	256	1.000000
1989	256	256	1.000000
1990	256	256	1.000000
1991	256	256	1.000000
1992	256	256	1.000000
1993	256	256	1.000000
1994	256	256	1.000000
1995	256	256	1.000000
1996	256	256	1.000000
1997	256	256	1.000000
1998	256	256	1.000000
1999	256	256	1.000000
2000	256	256	1.000000
2001	256	256	1.000000
2002	256	256	1.000000
2003	256	256	1.000000
2004	256	256	1.000000
2005	256	256	1.000000
2006	256	256	1.000000
2007	256	256	1.000000
2008	256	256	1.000000
2009	256	256	1.000000
2010	256	256	1.000000
2011	256	256	1.000000
2012	256	256	1.000000
2013	256	256	1.000000
2014	256	256	1.000000
2015	256	256	1.000000
2016	256	256	1.000000
2017	256	256	1.000000
2018	256	256	1.000000
2019	256	256	1.000000
2020	256	256	1.000000
2021	256	256	1.000000
2022	256	256	1.000000
2023	256	256	1.000000
2024	256	256	1.000000
2025	256	256	1.000000
2026	256	256	1.000000
2027	256	256	1.000000
2028	256	256	1.000000
2029	256	256	1.000000
2030	256	256	1.000000
2031	256	256	1.000000
2032	256	256	1.000000
2033	256	256	1.000000
2034	256	256	1.000000
2035	256	256	1.000000
2036	256	256	1.000000
2037	256	256	1.000000
2038	256	256	1.000000
2039	256	256	1.000000
2040	256	256	1.000000
2041	256	256	1.000000
2042	256	256	1.000000
2043	256	256	1.000000
2044	256	256	1.000000
2045	256	256	1.000000
2046	256	256	1.000000
2047	256	256	1.000000
2048	256	256	1.000000
2049	256	256	1.000000
2050	256	256	1.000000
2051	256	256	1.000000
2052	256	256	1.000000
2053	256	256	1.000000
2054	256	256	1.000000
2055	256	256	1.000000
2056	256	256	1.000000
2057	256	256	1.000000
2058	256	256	1.000000
2059	256	256	1.000000
2060	256	256	1.000000
2061	256	256	1.000000
2062	256	256	1.000000
2063	256	256	1.000000
2064	256	256	1.000000
2065	256	256	1.000000
2066	256	256	1.000000
2067	256	256	1.000000
2068	256	256	1.000000
2069	256	256	1.000000
2070	256	256	1.000000
2071	256	256	1.000000
2072	256	256	1.000000
2073	256	256	1.000000
2074	256	256	1.000000
2075	256	256	1.000000
2076	256	256	1.000000
2077	256	256	1.000000
2078	256	256	1.000000
2079	256	256	1.000000
2080	256	256	1.000000
2081	256	256	1.000000
2082	256	256	1.000000
2083	256	256	1.000000
2084	256	256	1.000000
2085	256	256	1.000000
2086	256	256	1.000000
2087	256	256	1.000000
2088	256	256	1.000000
2089	256	256	1.000000
2090	256	256	1.000000
2091	256	256	1.000000
2092	256	256	1.000000
2093	256	256	1.000000
2094	256	256	1.000000
2095	256	256	1.000000
2096	256	256	1.000000
2097	256	256	1.000000
2098	256	256	1.000000
2099	256	256	1.000000
2100	256	256	1.000000
2101	256	256	1.000000
2102	256	256	1.000000
2103	256	256	1.000000
2104	256	256	1.000000
2105	256	256	1.000000
2106	256	256	1.000000
2107	256	256	1.000000
2108	256	256	1.000000
2109	256	256	1.000000
2110	256	256	1.000000
2111	256	256	1.000000
2112	256	256	1.000000
2113	256	256	1.000000
2114	256	256	1.000000
2115	256	256	1.000000
2116	256	256	1.000000
2117	256	256	1.000000
2118	256	256	1.000000
2119	256	256	1.000000
2120	256	256	1.000000
2121	256	256	1.000000
2122	256	256	1.000000
2123	256	256	1.000000
2124	256	256	1.000000
2125	256	256	1.000000
2126	256	256	1.000000
2127	256	256	1.000000
2128	256	256	1.000000
2129	256	256	1.000000
2130	256	256	1.000000
2131	256	256	1.000000
2132	256	256	1.000000
2133	256	256	1.000000
2134	256	256	1.000000
2135	256	256	1.000000
2136	256	256	1.000000
2137	256	256	1.000000
2138	256	256	1.000000
2139	256	256	1.000000
2140	256	256	1.000000
2141	256	256	1.000000
2142	256	256	1.000000
2143	256	256	1.000000
2144	256	256	1.000000
2145	256	256	1.000000
2146	256	256	1.000000
2147	256	256	1.000000
2148	256	256	1.000000
2149	256	256	1.000000
2150	256	256	1.000000
2151	256	256	1.000000
2152	256	256	1.000000
2153	256	256	1.000000
2154	256	256	1.000000
2155	256	256	1.000000
2156	256	256	1.000000
2157	256	256	1.000000
2158	256	256	1.000000
2159	256	256	1.000000
2160	256	256	1.000000
2161	256	256	1.000000
2162	256	256	1.000000
2163	256	256	1.000000
2164	256	256	1.000000
2165	256	256	1.000000
2166	256	256	1.000000
2167	256	256	1.000000
2168	256	256	1.000000
2169	256	256	1.000000
2170	256	256	1.000000
2171	256	256	1.000000
2172	256	256	1.000000
2173	256	256	1.000000
2174	256	256	1.000000
2175	256	256	1.000000
2176	256	256	1.000000
2177	256	256	1.000000
2178	256	256	1.000000
2179	256	256	1.000000
2180	256	256	1.000000
2181	256	256	1.000000
2182	256	256	1.000000
2183	256	256	1.000000
2184	256	256	1.000000
2185	256	256	1.000000
2186	256	256	1.000000
2187	256	256	1.000000
2188	256	256	1.000000
2189	256	256	1.000000
2190	256	256	1.000000
2191	256	256	1.000000
2192	256	256	1.000000
2193	256	256	1.000000
2194	256	256	1.000000
2195	256	256	1.000000
2196	256	256	1.000000
2197	256	256	1.000000
2198	256	256	1.000000
2199	256	256	1.000000
2200	256	256	1.000000
2201	256	256	1.000000
2202	256	256	1.000000
2203	256	256	1.000000
2204	256	256	1.000000
2205	256	256	1.000000
2206	256	256	1.000000
2207	256	256	1.000000
2208	256	256	1.000000
2209	256	256	1.000000
2210	256	256	1.000000
2211	256	256	1.000000
2212	256	256	1.000000
2213	256	256	1.000000
2214	256	256	1.000000
2215	256	256	1.000000
2216	256	256	1.000000
2217	256	256	1.000000
2218	256	256	1.000000
2219	256	256	1.000000
2220	256	256	1.000000
2221	256	256	1.000000
2222	256	256	1.000000
2223	256	256	1.000000
2224	256	256	1.000000
2225	256	256	1.000000
2226	256	256	1.000000
2227	256	256	1.000000
2228	256	256	1.000000
2229	256	256	1.000000
2230	256	256	1.000000
2231	256	256	1.000000
2232	256	256	1.000000
2233	256	256	1.000000
2234	256	256	1.000000
2235	256	256	1.000000
2236	256	256	1.000000
2237	256	256	1.000000
2238	256	256	1.000000
2239	256	256	1.000000
2240	256	256	1.000000
2241	256	256	1.000000
2242	256	256	1.000000
2243	256	256	1.000000
2244	256	256	1.000000
2245	256	256	1.000000
2246	256	256	1.000000
2247	256	256	1.000000
2248	256	256	1.000000
2249	256	256	1.000000
2250	256	256	1.000000
2251	256	256	1.000000
2252	256	256	1.000000
2253	256	256	1.000000
2254	256	256	1.000000
2255	256	256	1.000000
2256	256	256	1.000000
2257	256	256	1.000000
2258	256	256	1.000000
2259	256	256	1.000000
2260	256	256	1.000000
2261	256	256	1.000000
2262	256	256	1.000000
2263	256	256	1.000000
2264	256	256	1.000000
2265	256	256	1.000000
2266	256	256	1.000000
2267	256	256	1.000000
2268	256	256	1.000000
2269	256	256	1.000000
2270	256	256	1.000000
2271	256	256	1.000000
2272	256	256	1.000000
2273	256	256	1.000000
2274	256	256	1.000000
2275	256	256	1.000000
2276	256	256	1.000000
2277	256	256	1.000000
2278	256	256	1.000000
2279	256	256	1.000000
2280	256	256	1.000000
2281	256	256	1.000000
2282	256	256	1.000000
2283	256	256	1.000000
2284	256	256	1.000000
2285	256	256	1.000000
2286	256	256	1.000000
2287	256	256	1.000000
2288	256	256	1.000000
2289	256	256	1.000000
2290	256	256	1.000000
2291	256	256	1.000000
2292	256	256	1.000000
2293	256	256	1.000000
2294	256	256	1.000000
2295	256	256	1.000000
2296	256	256	1.000000
2297	256	256	1.000000
2298	256	256	1.000000
2299	256	256	1.000000
2300	256	256	1.000000
2301	256	256	1.000000
2302	256	256	1.000000
2303	256	256	1.000000
2304	256	256	1.000000
2305	256	256	1.000000
2306	256	256	1.000000
2307	256	256	1.000000
2308	256	256	1.000000
2309	256	256	1.000000
2310	256	256	1.000000
2311	256	256	1.000000
2312	256	256	1.000000
2313	256	256	1.000000
2314	256	256	1.000000
2315	256	256	1.000000
2316	256	256	1.000000
2317	256	256	1.000000
2318	256	256	1.000000
2319	256	256	1.000000
2320	256	256	1.000000
2321	256	256	1.000000
2322	256	256	1.000000
2323	256	256	1.000000
2324	256	256	1.000000
2325	256	256	1.000000
2326	256	256	1.000000
2327	256	256	1.000000
2328	256	256	1.000000
2329	256	256	1.000000
2330	256	256	1.000000
2331	256	256	1.000000
2332	256	256	1.000000
2333	256	256	1.000000
2334	256	256	1.000000
2335	256	256	1.000000
2336	256	256	1.000000
2337	256	256	1.000000
2338	256	256	1.000000
2339	256	256	1.000000
2340	256	256	1.000000
2341	256	256	1.000000
2342	256	256	1.000000
2343	256	256	1.000000
2344	256	256	1.000000
2345	256	256	1.000000
2346	256	256	1.000000
2347	256	256	1.000000
2348	256	256	1.000000
2349	256	256	1.000000
2350	256	256	1.000000
2351	256	256	1.000000
2352	256	256	1.000000
2353	256	256	1.000000
2354	256	256	1.000000
2355	256	256	1.000000
2356	256	256	1.000000
2357	256	256	1.000000
2358	256	256	1.000000
2359	256	256	1.000000
2360	256	256	1.000000
2361	256	256	1.000000
2362	256	256	1.000000
2363	256	256	1.000000
2364	256	256	1.000000
2365	256	256	1.000000
2366	256	256	1.000000
2367	256	256	1.000000
2368	256	256	1.000000
2369	256	256	1.000000
2370	256	256	1.000000
2371	256	256	1.000000
2372	256	256	1.000000
2373	256	256	1.000000
2374	256	256	1.000000
2375	256	256	1.000000
2376	256	256	1.000000
2377	256	256	1.000000
2378	256	256	1.000000
2379	256	256	1.000000
2380	256	256	1.000000
2381	256	256	1.000000
2382	256	256	1.000000
2383	256	256	1.000000
2384	256	256	1.000000
2385	256	256	1.000000
2386	256	256	1.000000
2387	256	256	1.000000
2388	256	256	1.000000
2389	256	256	1.000000
2390	256	256	1.000000
2391	256	256	1.000000
2392	256	256	1.000000
2393	256	256	1.000000
2394	256	256	1.000000
2395	256	256	1.000000
2396	256	256	1.000000
2397	256	256	1.000000
2398	256	256	1.000000
2399	256	256	1.000000
2400	256	256	1.000000
2401	256	256	1.000000
2402	256	256	1.000000
2403	256	256	1.000000
2404	256	256	1.000000
2405	256	256	1.000000
2406	256	256	1.000000
2407	256	256	1.000000
2408	256	256	1.000000
2409	256	256	1.000000
2410	256	256	1.000000
2411	256	256	1.000000
2412	256	256	1.000000
2413	256	256	1.000000
2414	256	256	1.000000
2415	256	256	1.000000
2416	256	256	1.000000
2417	256	256	1.000000
2418	256	256	1.000000
2419	256	256	1.000000
2420	256	256	1.000000
2421	256	256	1.000000
2422	256	256	1.000000
2423	256	256	1.000000
2424	256	256	1.000000
2425	256	256	1.000000
2426	256	256	1.000000
2427	256	256	1.000000
2428	256	256	1.000000
2429	256	256	1.000000
2430	256	256	1.000000
2431	256	256	1.000000
2432	256	256	1.000000
2433	256	256	1.000000
2434	256	256	1.000000
2435	256	256	1.000000
2436	256	256	1.000000
2437	256	256	1.000000
2438	256	256	1.000000
2439	256	256	1.000000
2440	256	256	1.000000
2441	256	256	1.000000
2442	256	256	1.000000
2443	256	256	1.000000
2444	256	256	1.000000
2445	256	256	1.000000
2446	256	256	1.000000
2447	256	256	1.000000
2448	256	256	1.000000
2449	256	256	1.000000
2450	256	256	1.000000
2451	256	256	1.000000
2452	256	256	1.000000
2453	256	256	1.000000
2454	256	256	1.000000
2455	256	256	1.000000
2456	256	256	1.000000
2457	256	256	1.000000
2458	256	256	1.000000
2459	256	256	1.000000
2460	256	256	1.000000
2461	256	256	1.000000
2462	256	256	1.000000
2463	256	256	1.000000
2464	256	256	1.000000
2465	256	256	1.000000
2466	256	256	1.000000
2467	256	256	1.000000
2468	256	256	1.000000
2469	256	256	1.000000
2470	256	256	1.000000
2471	256	256	1.000000
2472	256	256	1.000000
2473	256	256	1.000000
2474	256	256	1.000000
2475	256	256	1.000000
2476	256	256	1.000000
2477	256	256	1.000000
2478	256	256	1.000000
2479	256	256	1.000000
2480	256	256	1.000000
2481	256	256	1.000000
2482	256	256	1.000000
2483	256	256	1.000000
2484	256	256	1.000000
2485	256	256	1.000000
2486	256	256	1.000000
2487	256	256	1.000000
2488	256	256	1.000000
2489	256	256	1.000000
